snapshot_at_utc	benchmark_commit	runner_sha256	target	target_kind	target_commit	omz_commit	zsh_version	git_version	fixture_files	settle_ms	state	iteration	first_ms	settled_ms	repaints	git_calls	unlocked_calls	semantic_pass	measurement_started_epoch_seconds	measurement_finished_epoch_seconds	cpu_psi_some_total_before	cpu_psi_some_total_after
2026-09-02T07:00:15Z	8dc0b5fea25671d6745a556bffb740d3866e189c	352c096f011eb282f12e6d4c12281340fac96b635a2879cc065d7637a6592872	raw	control	5.9.2	2264a8042763edf2620cfe32d96b096e1f3d26aa	5.9.2	2.55.0	1000	150	clean	1	0.373	0.373	0	0	0	na	1788332416.263340	1788332416.416516	253284569	253285310
2026-09-02T07:00:15Z	8dc0b5fea25671d6745a556bffb740d3866e189c	352c096f011eb282f12e6d4c12281340fac96b635a2879cc065d7637a6592872	raw	control	5.9.2	2264a8042763edf2620cfe32d96b096e1f3d26aa	5.9.2	2.55.0	1000	150	clean	2	0.385	0.385	0	0	0	na	1788332416.569457	1788332416.722587	253285761	253286679
2026-09-02T07:00:15Z	8dc0b5fea25671d6745a556bffb740d3866e189c	352c096f011eb282f12e6d4c12281340fac96b635a2879cc065d7637a6592872	raw	control	5.9.2	2264a8042763edf2620cfe32d96b096e1f3d26aa	5.9.2	2.55.0	1000	150	clean	3	0.382	0.382	0	0	0	na	1788332416.875528	1788332417.028684	253287691	253288232
2026-09-02T07:00:15Z	8dc0b5fea25671d6745a556bffb740d3866e189c	352c096f011eb282f12e6d4c12281340fac96b635a2879cc065d7637a6592872	raw	control	5.9.2	2264a8042763edf2620cfe32d96b096e1f3d26aa	5.9.2	2.55.0	1000	150	clean	4	0.417	0.417	0	0	0	na	1788332417.183013	1788332417.336210	253288862	253289739
2026-09-02T07:00:15Z	8dc0b5fea25671d6745a556bffb740d3866e189c	352c096f011eb282f12e6d4c12281340fac96b635a2879cc065d7637a6592872	raw	control	5.9.2	2264a8042763edf2620cfe32d96b096e1f3d26aa	5.9.2	2.55.0	1000	150	clean	5	0.377	0.377	0	0	0	na	1788332417.489564	1788332417.644045	253290786	253291864
2026-09-02T07:00:15Z	8dc0b5fea25671d6745a556bffb740d3866e189c	352c096f011eb282f12e6d4c12281340fac96b635a2879cc065d7637a6592872	raw	control	5.9.2	2264a8042763edf2620cfe32d96b096e1f3d26aa	5.9.2	2.55.0	1000	150	clean	6	0.477	0.477	0	0	0	na	1788332417.798347	1788332417.952785	253292809	253293340
2026-09-02T07:00:15Z	8dc0b5fea25671d6745a556bffb740d3866e189c	352c096f011eb282f12e6d4c12281340fac96b635a2879cc065d7637a6592872	raw	control	5.9.2	2264a8042763edf2620cfe32d96b096e1f3d26aa	5.9.2	2.55.0	1000	150	clean	7	0.392	0.392	0	0	0	na	1788332418.106536	1788332418.260293	253294121	253295263
2026-09-02T07:00:15Z	8dc0b5fea25671d6745a556bffb740d3866e189c	352c096f011eb282f12e6d4c12281340fac96b635a2879cc065d7637a6592872	raw	control	5.9.2	2264a8042763edf2620cfe32d96b096e1f3d26aa	5.9.2	2.55.0	1000	150	clean	8	0.359	0.359	0	0	0	na	1788332418.413671	1788332418.567301	253295977	253297019
2026-09-02T07:00:15Z	8dc0b5fea25671d6745a556bffb740d3866e189c	352c096f011eb282f12e6d4c12281340fac96b635a2879cc065d7637a6592872	raw	control	5.9.2	2264a8042763edf2620cfe32d96b096e1f3d26aa	5.9.2	2.55.0	1000	150	clean	9	0.372	0.372	0	0	0	na	1788332418.720746	1788332418.874271	253297966	253298752
2026-09-02T07:00:15Z	8dc0b5fea25671d6745a556bffb740d3866e189c	352c096f011eb282f12e6d4c12281340fac96b635a2879cc065d7637a6592872	raw	control	5.9.2	2264a8042763edf2620cfe32d96b096e1f3d26aa	5.9.2	2.55.0	1000	150	clean	10	0.351	0.351	0	0	0	na	1788332419.027941	1788332419.181210	253299513	253300846
2026-09-02T07:00:15Z	8dc0b5fea25671d6745a556bffb740d3866e189c	352c096f011eb282f12e6d4c12281340fac96b635a2879cc065d7637a6592872	raw	control	5.9.2	2264a8042763edf2620cfe32d96b096e1f3d26aa	5.9.2	2.55.0	1000	150	clean	11	0.366	0.366	0	0	0	na	1788332419.334969	1788332419.488549	253302707	253303764
2026-09-02T07:00:15Z	8dc0b5fea25671d6745a556bffb740d3866e189c	352c096f011eb282f12e6d4c12281340fac96b635a2879cc065d7637a6592872	raw	control	5.9.2	2264a8042763edf2620cfe32d96b096e1f3d26aa	5.9.2	2.55.0	1000	150	clean	12	0.361	0.361	0	0	0	na	1788332419.641607	1788332419.795228	253304709	253305436
2026-09-02T07:00:15Z	8dc0b5fea25671d6745a556bffb740d3866e189c	352c096f011eb282f12e6d4c12281340fac96b635a2879cc065d7637a6592872	raw	control	5.9.2	2264a8042763edf2620cfe32d96b096e1f3d26aa	5.9.2	2.55.0	1000	150	clean	13	0.369	0.369	0	0	0	na	1788332419.949178	1788332420.103083	253306534	253307291
2026-09-02T07:00:15Z	8dc0b5fea25671d6745a556bffb740d3866e189c	352c096f011eb282f12e6d4c12281340fac96b635a2879cc065d7637a6592872	raw	control	5.9.2	2264a8042763edf2620cfe32d96b096e1f3d26aa	5.9.2	2.55.0	1000	150	clean	14	0.423	0.423	0	0	0	na	1788332420.256522	1788332420.410585	253308076	253308810
2026-09-02T07:00:15Z	8dc0b5fea25671d6745a556bffb740d3866e189c	352c096f011eb282f12e6d4c12281340fac96b635a2879cc065d7637a6592872	raw	control	5.9.2	2264a8042763edf2620cfe32d96b096e1f3d26aa	5.9.2	2.55.0	1000	150	clean	15	0.432	0.432	0	0	0	na	1788332420.564099	1788332420.717711	253309591	253310345
2026-09-02T07:00:15Z	8dc0b5fea25671d6745a556bffb740d3866e189c	352c096f011eb282f12e6d4c12281340fac96b635a2879cc065d7637a6592872	raw	control	5.9.2	2264a8042763edf2620cfe32d96b096e1f3d26aa	5.9.2	2.55.0	1000	150	clean	16	0.397	0.397	0	0	0	na	1788332420.871216	1788332421.025179	253311276	253312134
2026-09-02T07:00:15Z	8dc0b5fea25671d6745a556bffb740d3866e189c	352c096f011eb282f12e6d4c12281340fac96b635a2879cc065d7637a6592872	raw	control	5.9.2	2264a8042763edf2620cfe32d96b096e1f3d26aa	5.9.2	2.55.0	1000	150	clean	17	0.408	0.408	0	0	0	na	1788332421.178312	1788332421.332093	253313391	253314126
2026-09-02T07:00:15Z	8dc0b5fea25671d6745a556bffb740d3866e189c	352c096f011eb282f12e6d4c12281340fac96b635a2879cc065d7637a6592872	raw	control	5.9.2	2264a8042763edf2620cfe32d96b096e1f3d26aa	5.9.2	2.55.0	1000	150	clean	18	0.406	0.406	0	0	0	na	1788332421.485508	1788332421.639113	253316049	253317068
2026-09-02T07:00:15Z	8dc0b5fea25671d6745a556bffb740d3866e189c	352c096f011eb282f12e6d4c12281340fac96b635a2879cc065d7637a6592872	raw	control	5.9.2	2264a8042763edf2620cfe32d96b096e1f3d26aa	5.9.2	2.55.0	1000	150	clean	19	0.443	0.443	0	0	0	na	1788332421.792377	1788332421.946041	253318471	253320033
2026-09-02T07:00:15Z	8dc0b5fea25671d6745a556bffb740d3866e189c	352c096f011eb282f12e6d4c12281340fac96b635a2879cc065d7637a6592872	raw	control	5.9.2	2264a8042763edf2620cfe32d96b096e1f3d26aa	5.9.2	2.55.0	1000	150	clean	20	0.410	0.410	0	0	0	na	1788332422.099735	1788332422.253635	253321581	253322280
2026-09-02T07:00:15Z	8dc0b5fea25671d6745a556bffb740d3866e189c	352c096f011eb282f12e6d4c12281340fac96b635a2879cc065d7637a6592872	raw	control	5.9.2	2264a8042763edf2620cfe32d96b096e1f3d26aa	5.9.2	2.55.0	1000	150	dirty	1	0.361	0.361	0	0	0	na	1788332422.425422	1788332422.578599	253323639	253324543
2026-09-02T07:00:15Z	8dc0b5fea25671d6745a556bffb740d3866e189c	352c096f011eb282f12e6d4c12281340fac96b635a2879cc065d7637a6592872	raw	control	5.9.2	2264a8042763edf2620cfe32d96b096e1f3d26aa	5.9.2	2.55.0	1000	150	dirty	2	0.415	0.415	0	0	0	na	1788332422.731742	1788332422.885494	253325468	253326364
2026-09-02T07:00:15Z	8dc0b5fea25671d6745a556bffb740d3866e189c	352c096f011eb282f12e6d4c12281340fac96b635a2879cc065d7637a6592872	raw	control	5.9.2	2264a8042763edf2620cfe32d96b096e1f3d26aa	5.9.2	2.55.0	1000	150	dirty	3	0.385	0.385	0	0	0	na	1788332423.040022	1788332423.194473	253326987	253327634
2026-09-02T07:00:15Z	8dc0b5fea25671d6745a556bffb740d3866e189c	352c096f011eb282f12e6d4c12281340fac96b635a2879cc065d7637a6592872	raw	control	5.9.2	2264a8042763edf2620cfe32d96b096e1f3d26aa	5.9.2	2.55.0	1000	150	dirty	4	0.365	0.365	0	0	0	na	1788332423.347870	1788332423.500951	253328808	253330311
2026-09-02T07:00:15Z	8dc0b5fea25671d6745a556bffb740d3866e189c	352c096f011eb282f12e6d4c12281340fac96b635a2879cc065d7637a6592872	raw	control	5.9.2	2264a8042763edf2620cfe32d96b096e1f3d26aa	5.9.2	2.55.0	1000	150	dirty	5	0.328	0.328	0	0	0	na	1788332423.654064	1788332423.807175	253331238	253332774
2026-09-02T07:00:15Z	8dc0b5fea25671d6745a556bffb740d3866e189c	352c096f011eb282f12e6d4c12281340fac96b635a2879cc065d7637a6592872	raw	control	5.9.2	2264a8042763edf2620cfe32d96b096e1f3d26aa	5.9.2	2.55.0	1000	150	dirty	6	0.362	0.362	0	0	0	na	1788332423.960439	1788332424.113459	253334568	253335546
2026-09-02T07:00:15Z	8dc0b5fea25671d6745a556bffb740d3866e189c	352c096f011eb282f12e6d4c12281340fac96b635a2879cc065d7637a6592872	raw	control	5.9.2	2264a8042763edf2620cfe32d96b096e1f3d26aa	5.9.2	2.55.0	1000	150	dirty	7	0.359	0.359	0	0	0	na	1788332424.266578	1788332424.419828	253336735	253337416
2026-09-02T07:00:15Z	8dc0b5fea25671d6745a556bffb740d3866e189c	352c096f011eb282f12e6d4c12281340fac96b635a2879cc065d7637a6592872	raw	control	5.9.2	2264a8042763edf2620cfe32d96b096e1f3d26aa	5.9.2	2.55.0	1000	150	dirty	8	0.366	0.366	0	0	0	na	1788332424.572860	1788332424.725966	253338530	253339433
2026-09-02T07:00:15Z	8dc0b5fea25671d6745a556bffb740d3866e189c	352c096f011eb282f12e6d4c12281340fac96b635a2879cc065d7637a6592872	raw	control	5.9.2	2264a8042763edf2620cfe32d96b096e1f3d26aa	5.9.2	2.55.0	1000	150	dirty	9	0.355	0.355	0	0	0	na	1788332424.879281	1788332425.032580	253340279	253341164
2026-09-02T07:00:15Z	8dc0b5fea25671d6745a556bffb740d3866e189c	352c096f011eb282f12e6d4c12281340fac96b635a2879cc065d7637a6592872	raw	control	5.9.2	2264a8042763edf2620cfe32d96b096e1f3d26aa	5.9.2	2.55.0	1000	150	dirty	10	0.366	0.366	0	0	0	na	1788332425.185791	1788332425.339195	253341975	253343465
2026-09-02T07:00:15Z	8dc0b5fea25671d6745a556bffb740d3866e189c	352c096f011eb282f12e6d4c12281340fac96b635a2879cc065d7637a6592872	raw	control	5.9.2	2264a8042763edf2620cfe32d96b096e1f3d26aa	5.9.2	2.55.0	1000	150	dirty	11	0.350	0.350	0	0	0	na	1788332425.492505	1788332425.645916	253344806	253346754
2026-09-02T07:00:15Z	8dc0b5fea25671d6745a556bffb740d3866e189c	352c096f011eb282f12e6d4c12281340fac96b635a2879cc065d7637a6592872	raw	control	5.9.2	2264a8042763edf2620cfe32d96b096e1f3d26aa	5.9.2	2.55.0	1000	150	dirty	12	0.385	0.385	0	0	0	na	1788332425.800015	1788332425.953687	253347490	253348312
2026-09-02T07:00:15Z	8dc0b5fea25671d6745a556bffb740d3866e189c	352c096f011eb282f12e6d4c12281340fac96b635a2879cc065d7637a6592872	raw	control	5.9.2	2264a8042763edf2620cfe32d96b096e1f3d26aa	5.9.2	2.55.0	1000	150	dirty	13	0.349	0.349	0	0	0	na	1788332426.107195	1788332426.260808	253349519	253350431
2026-09-02T07:00:15Z	8dc0b5fea25671d6745a556bffb740d3866e189c	352c096f011eb282f12e6d4c12281340fac96b635a2879cc065d7637a6592872	raw	control	5.9.2	2264a8042763edf2620cfe32d96b096e1f3d26aa	5.9.2	2.55.0	1000	150	dirty	14	0.355	0.355	0	0	0	na	1788332426.414324	1788332426.567713	253351267	253352411
2026-09-02T07:00:15Z	8dc0b5fea25671d6745a556bffb740d3866e189c	352c096f011eb282f12e6d4c12281340fac96b635a2879cc065d7637a6592872	raw	control	5.9.2	2264a8042763edf2620cfe32d96b096e1f3d26aa	5.9.2	2.55.0	1000	150	dirty	15	0.365	0.365	0	0	0	na	1788332426.721320	1788332426.874711	253353109	253354101
2026-09-02T07:00:15Z	8dc0b5fea25671d6745a556bffb740d3866e189c	352c096f011eb282f12e6d4c12281340fac96b635a2879cc065d7637a6592872	raw	control	5.9.2	2264a8042763edf2620cfe32d96b096e1f3d26aa	5.9.2	2.55.0	1000	150	dirty	16	0.346	0.346	0	0	0	na	1788332427.028479	1788332427.182220	253354926	253355750
2026-09-02T07:00:15Z	8dc0b5fea25671d6745a556bffb740d3866e189c	352c096f011eb282f12e6d4c12281340fac96b635a2879cc065d7637a6592872	raw	control	5.9.2	2264a8042763edf2620cfe32d96b096e1f3d26aa	5.9.2	2.55.0	1000	150	dirty	17	0.376	0.376	0	0	0	na	1788332427.336009	1788332427.489902	253356345	253358840
2026-09-02T07:00:15Z	8dc0b5fea25671d6745a556bffb740d3866e189c	352c096f011eb282f12e6d4c12281340fac96b635a2879cc065d7637a6592872	raw	control	5.9.2	2264a8042763edf2620cfe32d96b096e1f3d26aa	5.9.2	2.55.0	1000	150	dirty	18	0.402	0.402	0	0	0	na	1788332427.643049	1788332427.796309	253360079	253360700
2026-09-02T07:00:15Z	8dc0b5fea25671d6745a556bffb740d3866e189c	352c096f011eb282f12e6d4c12281340fac96b635a2879cc065d7637a6592872	raw	control	5.9.2	2264a8042763edf2620cfe32d96b096e1f3d26aa	5.9.2	2.55.0	1000	150	dirty	19	0.407	0.407	0	0	0	na	1788332427.949641	1788332428.102777	253361294	253361849
2026-09-02T07:00:15Z	8dc0b5fea25671d6745a556bffb740d3866e189c	352c096f011eb282f12e6d4c12281340fac96b635a2879cc065d7637a6592872	raw	control	5.9.2	2264a8042763edf2620cfe32d96b096e1f3d26aa	5.9.2	2.55.0	1000	150	dirty	20	0.372	0.372	0	0	0	na	1788332428.256011	1788332428.409158	253362578	253363300
2026-09-02T07:00:15Z	8dc0b5fea25671d6745a556bffb740d3866e189c	352c096f011eb282f12e6d4c12281340fac96b635a2879cc065d7637a6592872	raw	control	5.9.2	2264a8042763edf2620cfe32d96b096e1f3d26aa	5.9.2	2.55.0	1000	150	untracked	1	0.417	0.417	0	0	0	na	1788332428.584449	1788332428.737801	253364671	253365877
2026-09-02T07:00:15Z	8dc0b5fea25671d6745a556bffb740d3866e189c	352c096f011eb282f12e6d4c12281340fac96b635a2879cc065d7637a6592872	raw	control	5.9.2	2264a8042763edf2620cfe32d96b096e1f3d26aa	5.9.2	2.55.0	1000	150	untracked	2	0.385	0.385	0	0	0	na	1788332428.892532	1788332429.046356	253367025	253367930
2026-09-02T07:00:15Z	8dc0b5fea25671d6745a556bffb740d3866e189c	352c096f011eb282f12e6d4c12281340fac96b635a2879cc065d7637a6592872	raw	control	5.9.2	2264a8042763edf2620cfe32d96b096e1f3d26aa	5.9.2	2.55.0	1000	150	untracked	3	0.404	0.404	0	0	0	na	1788332429.201427	1788332429.355003	253369527	253370940
2026-09-02T07:00:15Z	8dc0b5fea25671d6745a556bffb740d3866e189c	352c096f011eb282f12e6d4c12281340fac96b635a2879cc065d7637a6592872	raw	control	5.9.2	2264a8042763edf2620cfe32d96b096e1f3d26aa	5.9.2	2.55.0	1000	150	untracked	4	0.385	0.385	0	0	0	na	1788332429.509681	1788332429.662922	253371958	253373155
2026-09-02T07:00:15Z	8dc0b5fea25671d6745a556bffb740d3866e189c	352c096f011eb282f12e6d4c12281340fac96b635a2879cc065d7637a6592872	raw	control	5.9.2	2264a8042763edf2620cfe32d96b096e1f3d26aa	5.9.2	2.55.0	1000	150	untracked	5	0.405	0.405	0	0	0	na	1788332429.818172	1788332429.971523	253373819	253375068
2026-09-02T07:00:15Z	8dc0b5fea25671d6745a556bffb740d3866e189c	352c096f011eb282f12e6d4c12281340fac96b635a2879cc065d7637a6592872	raw	control	5.9.2	2264a8042763edf2620cfe32d96b096e1f3d26aa	5.9.2	2.55.0	1000	150	untracked	6	0.365	0.365	0	0	0	na	1788332430.126328	1788332430.279679	253377232	253378273
2026-09-02T07:00:15Z	8dc0b5fea25671d6745a556bffb740d3866e189c	352c096f011eb282f12e6d4c12281340fac96b635a2879cc065d7637a6592872	raw	control	5.9.2	2264a8042763edf2620cfe32d96b096e1f3d26aa	5.9.2	2.55.0	1000	150	untracked	7	0.384	0.384	0	0	0	na	1788332430.435215	1788332430.588601	253378917	253379804
2026-09-02T07:00:15Z	8dc0b5fea25671d6745a556bffb740d3866e189c	352c096f011eb282f12e6d4c12281340fac96b635a2879cc065d7637a6592872	raw	control	5.9.2	2264a8042763edf2620cfe32d96b096e1f3d26aa	5.9.2	2.55.0	1000	150	untracked	8	0.378	0.378	0	0	0	na	1788332430.743272	1788332430.896560	253381912	253383625
2026-09-02T07:00:15Z	8dc0b5fea25671d6745a556bffb740d3866e189c	352c096f011eb282f12e6d4c12281340fac96b635a2879cc065d7637a6592872	raw	control	5.9.2	2264a8042763edf2620cfe32d96b096e1f3d26aa	5.9.2	2.55.0	1000	150	untracked	9	0.375	0.375	0	0	0	na	1788332431.051624	1788332431.205729	253384704	253385579
2026-09-02T07:00:15Z	8dc0b5fea25671d6745a556bffb740d3866e189c	352c096f011eb282f12e6d4c12281340fac96b635a2879cc065d7637a6592872	raw	control	5.9.2	2264a8042763edf2620cfe32d96b096e1f3d26aa	5.9.2	2.55.0	1000	150	untracked	10	0.404	0.404	0	0	0	na	1788332431.360591	1788332431.514202	253386422	253388156
2026-09-02T07:00:15Z	8dc0b5fea25671d6745a556bffb740d3866e189c	352c096f011eb282f12e6d4c12281340fac96b635a2879cc065d7637a6592872	raw	control	5.9.2	2264a8042763edf2620cfe32d96b096e1f3d26aa	5.9.2	2.55.0	1000	150	untracked	11	0.399	0.399	0	0	0	na	1788332431.669021	1788332431.822639	253389097	253390220
2026-09-02T07:00:15Z	8dc0b5fea25671d6745a556bffb740d3866e189c	352c096f011eb282f12e6d4c12281340fac96b635a2879cc065d7637a6592872	raw	control	5.9.2	2264a8042763edf2620cfe32d96b096e1f3d26aa	5.9.2	2.55.0	1000	150	untracked	12	0.383	0.383	0	0	0	na	1788332431.976942	1788332432.130069	253391507	253393468
2026-09-02T07:00:15Z	8dc0b5fea25671d6745a556bffb740d3866e189c	352c096f011eb282f12e6d4c12281340fac96b635a2879cc065d7637a6592872	raw	control	5.9.2	2264a8042763edf2620cfe32d96b096e1f3d26aa	5.9.2	2.55.0	1000	150	untracked	13	0.462	0.462	0	0	0	na	1788332432.284562	1788332432.437866	253395202	253396010
2026-09-02T07:00:15Z	8dc0b5fea25671d6745a556bffb740d3866e189c	352c096f011eb282f12e6d4c12281340fac96b635a2879cc065d7637a6592872	raw	control	5.9.2	2264a8042763edf2620cfe32d96b096e1f3d26aa	5.9.2	2.55.0	1000	150	untracked	14	0.357	0.357	0	0	0	na	1788332432.592711	1788332432.746090	253396753	253397404
2026-09-02T07:00:15Z	8dc0b5fea25671d6745a556bffb740d3866e189c	352c096f011eb282f12e6d4c12281340fac96b635a2879cc065d7637a6592872	raw	control	5.9.2	2264a8042763edf2620cfe32d96b096e1f3d26aa	5.9.2	2.55.0	1000	150	untracked	15	0.448	0.448	0	0	0	na	1788332432.901250	1788332433.054849	253398268	253399163
2026-09-02T07:00:15Z	8dc0b5fea25671d6745a556bffb740d3866e189c	352c096f011eb282f12e6d4c12281340fac96b635a2879cc065d7637a6592872	raw	control	5.9.2	2264a8042763edf2620cfe32d96b096e1f3d26aa	5.9.2	2.55.0	1000	150	untracked	16	0.383	0.383	0	0	0	na	1788332433.210150	1788332433.363839	253400697	253401469
2026-09-02T07:00:15Z	8dc0b5fea25671d6745a556bffb740d3866e189c	352c096f011eb282f12e6d4c12281340fac96b635a2879cc065d7637a6592872	raw	control	5.9.2	2264a8042763edf2620cfe32d96b096e1f3d26aa	5.9.2	2.55.0	1000	150	untracked	17	0.415	0.415	0	0	0	na	1788332433.518910	1788332433.672342	253402946	253403478
2026-09-02T07:00:15Z	8dc0b5fea25671d6745a556bffb740d3866e189c	352c096f011eb282f12e6d4c12281340fac96b635a2879cc065d7637a6592872	raw	control	5.9.2	2264a8042763edf2620cfe32d96b096e1f3d26aa	5.9.2	2.55.0	1000	150	untracked	18	0.460	0.460	0	0	0	na	1788332433.826941	1788332433.980760	253403997	253404571
2026-09-02T07:00:15Z	8dc0b5fea25671d6745a556bffb740d3866e189c	352c096f011eb282f12e6d4c12281340fac96b635a2879cc065d7637a6592872	raw	control	5.9.2	2264a8042763edf2620cfe32d96b096e1f3d26aa	5.9.2	2.55.0	1000	150	untracked	19	0.379	0.379	0	0	0	na	1788332434.136224	1788332434.289594	253405115	253405950
2026-09-02T07:00:15Z	8dc0b5fea25671d6745a556bffb740d3866e189c	352c096f011eb282f12e6d4c12281340fac96b635a2879cc065d7637a6592872	raw	control	5.9.2	2264a8042763edf2620cfe32d96b096e1f3d26aa	5.9.2	2.55.0	1000	150	untracked	20	0.376	0.376	0	0	0	na	1788332434.444579	1788332434.598116	253406915	253408080
2026-09-02T07:00:15Z	8dc0b5fea25671d6745a556bffb740d3866e189c	352c096f011eb282f12e6d4c12281340fac96b635a2879cc065d7637a6592872	wsh-wakamex	local	57bc72c1c92472ccfb05e677071bf95d82fff4df3044f34a92a629596b62cd1b	2264a8042763edf2620cfe32d96b096e1f3d26aa	5.9.2	2.55.0	1000	150	clean	1	0.862	7.094	1	1	0	1	1788332434.965837	1788332435.127296	253409939	253410450
2026-09-02T07:00:15Z	8dc0b5fea25671d6745a556bffb740d3866e189c	352c096f011eb282f12e6d4c12281340fac96b635a2879cc065d7637a6592872	wsh-wakamex	local	57bc72c1c92472ccfb05e677071bf95d82fff4df3044f34a92a629596b62cd1b	2264a8042763edf2620cfe32d96b096e1f3d26aa	5.9.2	2.55.0	1000	150	clean	2	0.858	6.707	1	1	0	1	1788332435.453198	1788332435.613727	253411889	253413052
2026-09-02T07:00:15Z	8dc0b5fea25671d6745a556bffb740d3866e189c	352c096f011eb282f12e6d4c12281340fac96b635a2879cc065d7637a6592872	wsh-wakamex	local	57bc72c1c92472ccfb05e677071bf95d82fff4df3044f34a92a629596b62cd1b	2264a8042763edf2620cfe32d96b096e1f3d26aa	5.9.2	2.55.0	1000	150	clean	3	0.909	6.521	1	1	0	1	1788332435.939634	1788332436.099708	253414494	253415590
2026-09-02T07:00:15Z	8dc0b5fea25671d6745a556bffb740d3866e189c	352c096f011eb282f12e6d4c12281340fac96b635a2879cc065d7637a6592872	wsh-wakamex	local	57bc72c1c92472ccfb05e677071bf95d82fff4df3044f34a92a629596b62cd1b	2264a8042763edf2620cfe32d96b096e1f3d26aa	5.9.2	2.55.0	1000	150	clean	4	1.064	7.584	1	1	0	1	1788332436.424222	1788332436.585167	253417407	253418168
2026-09-02T07:00:15Z	8dc0b5fea25671d6745a556bffb740d3866e189c	352c096f011eb282f12e6d4c12281340fac96b635a2879cc065d7637a6592872	wsh-wakamex	local	57bc72c1c92472ccfb05e677071bf95d82fff4df3044f34a92a629596b62cd1b	2264a8042763edf2620cfe32d96b096e1f3d26aa	5.9.2	2.55.0	1000	150	clean	5	0.940	6.604	1	1	0	1	1788332436.910720	1788332437.070648	253420003	253420593
2026-09-02T07:00:15Z	8dc0b5fea25671d6745a556bffb740d3866e189c	352c096f011eb282f12e6d4c12281340fac96b635a2879cc065d7637a6592872	wsh-wakamex	local	57bc72c1c92472ccfb05e677071bf95d82fff4df3044f34a92a629596b62cd1b	2264a8042763edf2620cfe32d96b096e1f3d26aa	5.9.2	2.55.0	1000	150	clean	6	0.875	6.975	1	1	0	1	1788332437.398497	1788332437.559623	253422148	253422732
2026-09-02T07:00:15Z	8dc0b5fea25671d6745a556bffb740d3866e189c	352c096f011eb282f12e6d4c12281340fac96b635a2879cc065d7637a6592872	wsh-wakamex	local	57bc72c1c92472ccfb05e677071bf95d82fff4df3044f34a92a629596b62cd1b	2264a8042763edf2620cfe32d96b096e1f3d26aa	5.9.2	2.55.0	1000	150	clean	7	0.870	6.819	1	1	0	1	1788332437.886253	1788332438.047705	253424230	253425122
2026-09-02T07:00:15Z	8dc0b5fea25671d6745a556bffb740d3866e189c	352c096f011eb282f12e6d4c12281340fac96b635a2879cc065d7637a6592872	wsh-wakamex	local	57bc72c1c92472ccfb05e677071bf95d82fff4df3044f34a92a629596b62cd1b	2264a8042763edf2620cfe32d96b096e1f3d26aa	5.9.2	2.55.0	1000	150	clean	8	0.885	6.713	1	1	0	1	1788332438.374832	1788332438.536392	253426494	253427245
2026-09-02T07:00:15Z	8dc0b5fea25671d6745a556bffb740d3866e189c	352c096f011eb282f12e6d4c12281340fac96b635a2879cc065d7637a6592872	wsh-wakamex	local	57bc72c1c92472ccfb05e677071bf95d82fff4df3044f34a92a629596b62cd1b	2264a8042763edf2620cfe32d96b096e1f3d26aa	5.9.2	2.55.0	1000	150	clean	9	1.010	7.011	1	1	0	1	1788332438.862492	1788332439.024011	253429222	253429822
2026-09-02T07:00:15Z	8dc0b5fea25671d6745a556bffb740d3866e189c	352c096f011eb282f12e6d4c12281340fac96b635a2879cc065d7637a6592872	wsh-wakamex	local	57bc72c1c92472ccfb05e677071bf95d82fff4df3044f34a92a629596b62cd1b	2264a8042763edf2620cfe32d96b096e1f3d26aa	5.9.2	2.55.0	1000	150	clean	10	1.061	7.344	1	1	0	1	1788332439.351667	1788332439.513498	253430873	253431641
2026-09-02T07:00:15Z	8dc0b5fea25671d6745a556bffb740d3866e189c	352c096f011eb282f12e6d4c12281340fac96b635a2879cc065d7637a6592872	wsh-wakamex	local	57bc72c1c92472ccfb05e677071bf95d82fff4df3044f34a92a629596b62cd1b	2264a8042763edf2620cfe32d96b096e1f3d26aa	5.9.2	2.55.0	1000	150	clean	11	1.046	6.922	1	1	0	1	1788332439.841249	1788332440.001899	253433427	253434711
2026-09-02T07:00:15Z	8dc0b5fea25671d6745a556bffb740d3866e189c	352c096f011eb282f12e6d4c12281340fac96b635a2879cc065d7637a6592872	wsh-wakamex	local	57bc72c1c92472ccfb05e677071bf95d82fff4df3044f34a92a629596b62cd1b	2264a8042763edf2620cfe32d96b096e1f3d26aa	5.9.2	2.55.0	1000	150	clean	12	0.950	6.941	1	1	0	1	1788332440.329299	1788332440.489791	253436516	253437644
2026-09-02T07:00:15Z	8dc0b5fea25671d6745a556bffb740d3866e189c	352c096f011eb282f12e6d4c12281340fac96b635a2879cc065d7637a6592872	wsh-wakamex	local	57bc72c1c92472ccfb05e677071bf95d82fff4df3044f34a92a629596b62cd1b	2264a8042763edf2620cfe32d96b096e1f3d26aa	5.9.2	2.55.0	1000	150	clean	13	0.834	7.114	1	1	0	1	1788332440.816882	1788332440.977787	253439142	253440247
2026-09-02T07:00:15Z	8dc0b5fea25671d6745a556bffb740d3866e189c	352c096f011eb282f12e6d4c12281340fac96b635a2879cc065d7637a6592872	wsh-wakamex	local	57bc72c1c92472ccfb05e677071bf95d82fff4df3044f34a92a629596b62cd1b	2264a8042763edf2620cfe32d96b096e1f3d26aa	5.9.2	2.55.0	1000	150	clean	14	0.756	6.130	1	1	0	1	1788332441.304576	1788332441.464765	253441782	253442655
2026-09-02T07:00:15Z	8dc0b5fea25671d6745a556bffb740d3866e189c	352c096f011eb282f12e6d4c12281340fac96b635a2879cc065d7637a6592872	wsh-wakamex	local	57bc72c1c92472ccfb05e677071bf95d82fff4df3044f34a92a629596b62cd1b	2264a8042763edf2620cfe32d96b096e1f3d26aa	5.9.2	2.55.0	1000	150	clean	15	0.913	6.926	1	1	0	1	1788332441.791051	1788332441.952337	253444517	253445936
2026-09-02T07:00:15Z	8dc0b5fea25671d6745a556bffb740d3866e189c	352c096f011eb282f12e6d4c12281340fac96b635a2879cc065d7637a6592872	wsh-wakamex	local	57bc72c1c92472ccfb05e677071bf95d82fff4df3044f34a92a629596b62cd1b	2264a8042763edf2620cfe32d96b096e1f3d26aa	5.9.2	2.55.0	1000	150	clean	16	0.875	7.123	1	1	0	1	1788332442.280246	1788332442.442319	253447026	253447497
2026-09-02T07:00:15Z	8dc0b5fea25671d6745a556bffb740d3866e189c	352c096f011eb282f12e6d4c12281340fac96b635a2879cc065d7637a6592872	wsh-wakamex	local	57bc72c1c92472ccfb05e677071bf95d82fff4df3044f34a92a629596b62cd1b	2264a8042763edf2620cfe32d96b096e1f3d26aa	5.9.2	2.55.0	1000	150	clean	17	1.098	7.302	1	1	0	1	1788332442.770678	1788332442.932333	253448945	253449221
2026-09-02T07:00:15Z	8dc0b5fea25671d6745a556bffb740d3866e189c	352c096f011eb282f12e6d4c12281340fac96b635a2879cc065d7637a6592872	wsh-wakamex	local	57bc72c1c92472ccfb05e677071bf95d82fff4df3044f34a92a629596b62cd1b	2264a8042763edf2620cfe32d96b096e1f3d26aa	5.9.2	2.55.0	1000	150	clean	18	0.882	6.697	1	1	0	1	1788332443.259238	1788332443.419907	253450048	253450587
2026-09-02T07:00:15Z	8dc0b5fea25671d6745a556bffb740d3866e189c	352c096f011eb282f12e6d4c12281340fac96b635a2879cc065d7637a6592872	wsh-wakamex	local	57bc72c1c92472ccfb05e677071bf95d82fff4df3044f34a92a629596b62cd1b	2264a8042763edf2620cfe32d96b096e1f3d26aa	5.9.2	2.55.0	1000	150	clean	19	0.926	7.110	1	1	0	1	1788332443.748474	1788332443.910806	253451611	253452166
2026-09-02T07:00:15Z	8dc0b5fea25671d6745a556bffb740d3866e189c	352c096f011eb282f12e6d4c12281340fac96b635a2879cc065d7637a6592872	wsh-wakamex	local	57bc72c1c92472ccfb05e677071bf95d82fff4df3044f34a92a629596b62cd1b	2264a8042763edf2620cfe32d96b096e1f3d26aa	5.9.2	2.55.0	1000	150	clean	20	0.888	6.821	1	1	0	1	1788332444.240091	1788332444.401647	253453205	253453863
2026-09-02T07:00:15Z	8dc0b5fea25671d6745a556bffb740d3866e189c	352c096f011eb282f12e6d4c12281340fac96b635a2879cc065d7637a6592872	wsh-wakamex	local	57bc72c1c92472ccfb05e677071bf95d82fff4df3044f34a92a629596b62cd1b	2264a8042763edf2620cfe32d96b096e1f3d26aa	5.9.2	2.55.0	1000	150	dirty	1	1.144	8.168	1	1	0	1	1788332444.751358	1788332444.914431	253454944	253455797
2026-09-02T07:00:15Z	8dc0b5fea25671d6745a556bffb740d3866e189c	352c096f011eb282f12e6d4c12281340fac96b635a2879cc065d7637a6592872	wsh-wakamex	local	57bc72c1c92472ccfb05e677071bf95d82fff4df3044f34a92a629596b62cd1b	2264a8042763edf2620cfe32d96b096e1f3d26aa	5.9.2	2.55.0	1000	150	dirty	2	0.915	6.843	1	1	0	1	1788332445.243648	1788332445.404945	253457566	253458776
2026-09-02T07:00:15Z	8dc0b5fea25671d6745a556bffb740d3866e189c	352c096f011eb282f12e6d4c12281340fac96b635a2879cc065d7637a6592872	wsh-wakamex	local	57bc72c1c92472ccfb05e677071bf95d82fff4df3044f34a92a629596b62cd1b	2264a8042763edf2620cfe32d96b096e1f3d26aa	5.9.2	2.55.0	1000	150	dirty	3	0.836	6.691	1	1	0	1	1788332445.733784	1788332445.894359	253460889	253461706
2026-09-02T07:00:15Z	8dc0b5fea25671d6745a556bffb740d3866e189c	352c096f011eb282f12e6d4c12281340fac96b635a2879cc065d7637a6592872	wsh-wakamex	local	57bc72c1c92472ccfb05e677071bf95d82fff4df3044f34a92a629596b62cd1b	2264a8042763edf2620cfe32d96b096e1f3d26aa	5.9.2	2.55.0	1000	150	dirty	4	1.124	6.807	1	1	0	1	1788332446.221359	1788332446.383316	253463260	253464049
2026-09-02T07:00:15Z	8dc0b5fea25671d6745a556bffb740d3866e189c	352c096f011eb282f12e6d4c12281340fac96b635a2879cc065d7637a6592872	wsh-wakamex	local	57bc72c1c92472ccfb05e677071bf95d82fff4df3044f34a92a629596b62cd1b	2264a8042763edf2620cfe32d96b096e1f3d26aa	5.9.2	2.55.0	1000	150	dirty	5	0.978	6.698	1	1	0	1	1788332446.711910	1788332446.872867	253465321	253466436
2026-09-02T07:00:15Z	8dc0b5fea25671d6745a556bffb740d3866e189c	352c096f011eb282f12e6d4c12281340fac96b635a2879cc065d7637a6592872	wsh-wakamex	local	57bc72c1c92472ccfb05e677071bf95d82fff4df3044f34a92a629596b62cd1b	2264a8042763edf2620cfe32d96b096e1f3d26aa	5.9.2	2.55.0	1000	150	dirty	6	0.853	6.898	1	1	0	1	1788332447.201292	1788332447.362563	253467302	253467566
2026-09-02T07:00:15Z	8dc0b5fea25671d6745a556bffb740d3866e189c	352c096f011eb282f12e6d4c12281340fac96b635a2879cc065d7637a6592872	wsh-wakamex	local	57bc72c1c92472ccfb05e677071bf95d82fff4df3044f34a92a629596b62cd1b	2264a8042763edf2620cfe32d96b096e1f3d26aa	5.9.2	2.55.0	1000	150	dirty	7	0.921	6.835	1	1	0	1	1788332447.689997	1788332447.851113	253468090	253468850
2026-09-02T07:00:15Z	8dc0b5fea25671d6745a556bffb740d3866e189c	352c096f011eb282f12e6d4c12281340fac96b635a2879cc065d7637a6592872	wsh-wakamex	local	57bc72c1c92472ccfb05e677071bf95d82fff4df3044f34a92a629596b62cd1b	2264a8042763edf2620cfe32d96b096e1f3d26aa	5.9.2	2.55.0	1000	150	dirty	8	0.916	6.617	1	1	0	1	1788332448.178513	1788332448.339327	253469257	253469520
2026-09-02T07:00:15Z	8dc0b5fea25671d6745a556bffb740d3866e189c	352c096f011eb282f12e6d4c12281340fac96b635a2879cc065d7637a6592872	wsh-wakamex	local	57bc72c1c92472ccfb05e677071bf95d82fff4df3044f34a92a629596b62cd1b	2264a8042763edf2620cfe32d96b096e1f3d26aa	5.9.2	2.55.0	1000	150	dirty	9	0.849	6.452	1	1	0	1	1788332448.666536	1788332448.826691	253469968	253470223
2026-09-02T07:00:15Z	8dc0b5fea25671d6745a556bffb740d3866e189c	352c096f011eb282f12e6d4c12281340fac96b635a2879cc065d7637a6592872	wsh-wakamex	local	57bc72c1c92472ccfb05e677071bf95d82fff4df3044f34a92a629596b62cd1b	2264a8042763edf2620cfe32d96b096e1f3d26aa	5.9.2	2.55.0	1000	150	dirty	10	1.022	6.607	1	1	0	1	1788332449.155150	1788332449.315876	253471012	253471186
2026-09-02T07:00:15Z	8dc0b5fea25671d6745a556bffb740d3866e189c	352c096f011eb282f12e6d4c12281340fac96b635a2879cc065d7637a6592872	wsh-wakamex	local	57bc72c1c92472ccfb05e677071bf95d82fff4df3044f34a92a629596b62cd1b	2264a8042763edf2620cfe32d96b096e1f3d26aa	5.9.2	2.55.0	1000	150	dirty	11	0.984	6.660	1	1	0	1	1788332449.644050	1788332449.805216	253471518	253471805
2026-09-02T07:00:15Z	8dc0b5fea25671d6745a556bffb740d3866e189c	352c096f011eb282f12e6d4c12281340fac96b635a2879cc065d7637a6592872	wsh-wakamex	local	57bc72c1c92472ccfb05e677071bf95d82fff4df3044f34a92a629596b62cd1b	2264a8042763edf2620cfe32d96b096e1f3d26aa	5.9.2	2.55.0	1000	150	dirty	12	0.865	6.554	1	1	0	1	1788332450.137849	1788332450.298481	253472507	253472616
2026-09-02T07:00:15Z	8dc0b5fea25671d6745a556bffb740d3866e189c	352c096f011eb282f12e6d4c12281340fac96b635a2879cc065d7637a6592872	wsh-wakamex	local	57bc72c1c92472ccfb05e677071bf95d82fff4df3044f34a92a629596b62cd1b	2264a8042763edf2620cfe32d96b096e1f3d26aa	5.9.2	2.55.0	1000	150	dirty	13	0.915	6.711	1	1	0	1	1788332450.626355	1788332450.787575	253474039	253474233
2026-09-02T07:00:15Z	8dc0b5fea25671d6745a556bffb740d3866e189c	352c096f011eb282f12e6d4c12281340fac96b635a2879cc065d7637a6592872	wsh-wakamex	local	57bc72c1c92472ccfb05e677071bf95d82fff4df3044f34a92a629596b62cd1b	2264a8042763edf2620cfe32d96b096e1f3d26aa	5.9.2	2.55.0	1000	150	dirty	14	0.932	6.574	1	1	0	1	1788332451.115484	1788332451.276392	253474742	253474940
2026-09-02T07:00:15Z	8dc0b5fea25671d6745a556bffb740d3866e189c	352c096f011eb282f12e6d4c12281340fac96b635a2879cc065d7637a6592872	wsh-wakamex	local	57bc72c1c92472ccfb05e677071bf95d82fff4df3044f34a92a629596b62cd1b	2264a8042763edf2620cfe32d96b096e1f3d26aa	5.9.2	2.55.0	1000	150	dirty	15	0.992	6.568	1	1	0	1	1788332451.604224	1788332451.765876	253475391	253475686
2026-09-02T07:00:15Z	8dc0b5fea25671d6745a556bffb740d3866e189c	352c096f011eb282f12e6d4c12281340fac96b635a2879cc065d7637a6592872	wsh-wakamex	local	57bc72c1c92472ccfb05e677071bf95d82fff4df3044f34a92a629596b62cd1b	2264a8042763edf2620cfe32d96b096e1f3d26aa	5.9.2	2.55.0	1000	150	dirty	16	0.936	6.677	1	1	0	1	1788332452.094229	1788332452.255448	253476145	253476279
2026-09-02T07:00:15Z	8dc0b5fea25671d6745a556bffb740d3866e189c	352c096f011eb282f12e6d4c12281340fac96b635a2879cc065d7637a6592872	wsh-wakamex	local	57bc72c1c92472ccfb05e677071bf95d82fff4df3044f34a92a629596b62cd1b	2264a8042763edf2620cfe32d96b096e1f3d26aa	5.9.2	2.55.0	1000	150	dirty	17	0.969	6.665	1	1	0	1	1788332452.583401	1788332452.744207	253476569	253476766
2026-09-02T07:00:15Z	8dc0b5fea25671d6745a556bffb740d3866e189c	352c096f011eb282f12e6d4c12281340fac96b635a2879cc065d7637a6592872	wsh-wakamex	local	57bc72c1c92472ccfb05e677071bf95d82fff4df3044f34a92a629596b62cd1b	2264a8042763edf2620cfe32d96b096e1f3d26aa	5.9.2	2.55.0	1000	150	dirty	18	1.003	6.599	1	1	0	1	1788332453.072807	1788332453.233819	253477430	253477624
2026-09-02T07:00:15Z	8dc0b5fea25671d6745a556bffb740d3866e189c	352c096f011eb282f12e6d4c12281340fac96b635a2879cc065d7637a6592872	wsh-wakamex	local	57bc72c1c92472ccfb05e677071bf95d82fff4df3044f34a92a629596b62cd1b	2264a8042763edf2620cfe32d96b096e1f3d26aa	5.9.2	2.55.0	1000	150	dirty	19	0.880	6.933	1	1	0	1	1788332453.562132	1788332453.723820	253477925	253478243
2026-09-02T07:00:15Z	8dc0b5fea25671d6745a556bffb740d3866e189c	352c096f011eb282f12e6d4c12281340fac96b635a2879cc065d7637a6592872	wsh-wakamex	local	57bc72c1c92472ccfb05e677071bf95d82fff4df3044f34a92a629596b62cd1b	2264a8042763edf2620cfe32d96b096e1f3d26aa	5.9.2	2.55.0	1000	150	dirty	20	0.900	6.548	1	1	0	1	1788332454.052348	1788332454.213799	253478550	253478917
2026-09-02T07:00:15Z	8dc0b5fea25671d6745a556bffb740d3866e189c	352c096f011eb282f12e6d4c12281340fac96b635a2879cc065d7637a6592872	wsh-wakamex	local	57bc72c1c92472ccfb05e677071bf95d82fff4df3044f34a92a629596b62cd1b	2264a8042763edf2620cfe32d96b096e1f3d26aa	5.9.2	2.55.0	1000	150	untracked	1	0.965	6.582	1	1	0	1	1788332454.564680	1788332454.725741	253479637	253479775
2026-09-02T07:00:15Z	8dc0b5fea25671d6745a556bffb740d3866e189c	352c096f011eb282f12e6d4c12281340fac96b635a2879cc065d7637a6592872	wsh-wakamex	local	57bc72c1c92472ccfb05e677071bf95d82fff4df3044f34a92a629596b62cd1b	2264a8042763edf2620cfe32d96b096e1f3d26aa	5.9.2	2.55.0	1000	150	untracked	2	0.992	6.639	1	1	0	1	1788332455.055686	1788332455.216825	253480295	253480517
2026-09-02T07:00:15Z	8dc0b5fea25671d6745a556bffb740d3866e189c	352c096f011eb282f12e6d4c12281340fac96b635a2879cc065d7637a6592872	wsh-wakamex	local	57bc72c1c92472ccfb05e677071bf95d82fff4df3044f34a92a629596b62cd1b	2264a8042763edf2620cfe32d96b096e1f3d26aa	5.9.2	2.55.0	1000	150	untracked	3	1.065	6.678	1	1	0	1	1788332455.547446	1788332455.709306	253481188	253481377
2026-09-02T07:00:15Z	8dc0b5fea25671d6745a556bffb740d3866e189c	352c096f011eb282f12e6d4c12281340fac96b635a2879cc065d7637a6592872	wsh-wakamex	local	57bc72c1c92472ccfb05e677071bf95d82fff4df3044f34a92a629596b62cd1b	2264a8042763edf2620cfe32d96b096e1f3d26aa	5.9.2	2.55.0	1000	150	untracked	4	1.019	6.445	1	1	0	1	1788332456.041071	1788332456.203044	253482349	253482744
2026-09-02T07:00:15Z	8dc0b5fea25671d6745a556bffb740d3866e189c	352c096f011eb282f12e6d4c12281340fac96b635a2879cc065d7637a6592872	wsh-wakamex	local	57bc72c1c92472ccfb05e677071bf95d82fff4df3044f34a92a629596b62cd1b	2264a8042763edf2620cfe32d96b096e1f3d26aa	5.9.2	2.55.0	1000	150	untracked	5	0.942	7.126	1	1	0	1	1788332456.534585	1788332456.696382	253482980	253483119
2026-09-02T07:00:15Z	8dc0b5fea25671d6745a556bffb740d3866e189c	352c096f011eb282f12e6d4c12281340fac96b635a2879cc065d7637a6592872	wsh-wakamex	local	57bc72c1c92472ccfb05e677071bf95d82fff4df3044f34a92a629596b62cd1b	2264a8042763edf2620cfe32d96b096e1f3d26aa	5.9.2	2.55.0	1000	150	untracked	6	0.926	6.989	1	1	0	1	1788332457.027093	1788332457.189599	253483389	253484071
2026-09-02T07:00:15Z	8dc0b5fea25671d6745a556bffb740d3866e189c	352c096f011eb282f12e6d4c12281340fac96b635a2879cc065d7637a6592872	wsh-wakamex	local	57bc72c1c92472ccfb05e677071bf95d82fff4df3044f34a92a629596b62cd1b	2264a8042763edf2620cfe32d96b096e1f3d26aa	5.9.2	2.55.0	1000	150	untracked	7	0.968	6.783	1	1	0	1	1788332457.520260	1788332457.681690	253484390	253484539
2026-09-02T07:00:15Z	8dc0b5fea25671d6745a556bffb740d3866e189c	352c096f011eb282f12e6d4c12281340fac96b635a2879cc065d7637a6592872	wsh-wakamex	local	57bc72c1c92472ccfb05e677071bf95d82fff4df3044f34a92a629596b62cd1b	2264a8042763edf2620cfe32d96b096e1f3d26aa	5.9.2	2.55.0	1000	150	untracked	8	0.943	6.591	1	1	0	1	1788332458.012317	1788332458.173707	253485106	253485989
2026-09-02T07:00:15Z	8dc0b5fea25671d6745a556bffb740d3866e189c	352c096f011eb282f12e6d4c12281340fac96b635a2879cc065d7637a6592872	wsh-wakamex	local	57bc72c1c92472ccfb05e677071bf95d82fff4df3044f34a92a629596b62cd1b	2264a8042763edf2620cfe32d96b096e1f3d26aa	5.9.2	2.55.0	1000	150	untracked	9	1.007	6.804	1	1	0	1	1788332458.505073	1788332458.668134	253486481	253486955
2026-09-02T07:00:15Z	8dc0b5fea25671d6745a556bffb740d3866e189c	352c096f011eb282f12e6d4c12281340fac96b635a2879cc065d7637a6592872	wsh-wakamex	local	57bc72c1c92472ccfb05e677071bf95d82fff4df3044f34a92a629596b62cd1b	2264a8042763edf2620cfe32d96b096e1f3d26aa	5.9.2	2.55.0	1000	150	untracked	10	1.014	6.952	1	1	0	1	1788332458.999909	1788332459.162086	253487277	253487432
2026-09-02T07:00:15Z	8dc0b5fea25671d6745a556bffb740d3866e189c	352c096f011eb282f12e6d4c12281340fac96b635a2879cc065d7637a6592872	wsh-wakamex	local	57bc72c1c92472ccfb05e677071bf95d82fff4df3044f34a92a629596b62cd1b	2264a8042763edf2620cfe32d96b096e1f3d26aa	5.9.2	2.55.0	1000	150	untracked	11	1.035	6.754	1	1	0	1	1788332459.492934	1788332459.654862	253487848	253488004
2026-09-02T07:00:15Z	8dc0b5fea25671d6745a556bffb740d3866e189c	352c096f011eb282f12e6d4c12281340fac96b635a2879cc065d7637a6592872	wsh-wakamex	local	57bc72c1c92472ccfb05e677071bf95d82fff4df3044f34a92a629596b62cd1b	2264a8042763edf2620cfe32d96b096e1f3d26aa	5.9.2	2.55.0	1000	150	untracked	12	0.885	7.135	1	1	0	1	1788332459.986000	1788332460.147833	253488468	253488630
2026-09-02T07:00:15Z	8dc0b5fea25671d6745a556bffb740d3866e189c	352c096f011eb282f12e6d4c12281340fac96b635a2879cc065d7637a6592872	wsh-wakamex	local	57bc72c1c92472ccfb05e677071bf95d82fff4df3044f34a92a629596b62cd1b	2264a8042763edf2620cfe32d96b096e1f3d26aa	5.9.2	2.55.0	1000	150	untracked	13	1.007	6.528	1	1	0	1	1788332460.478956	1788332460.640528	253489026	253489286
2026-09-02T07:00:15Z	8dc0b5fea25671d6745a556bffb740d3866e189c	352c096f011eb282f12e6d4c12281340fac96b635a2879cc065d7637a6592872	wsh-wakamex	local	57bc72c1c92472ccfb05e677071bf95d82fff4df3044f34a92a629596b62cd1b	2264a8042763edf2620cfe32d96b096e1f3d26aa	5.9.2	2.55.0	1000	150	untracked	14	1.311	7.123	1	1	0	1	1788332460.971336	1788332461.133353	253489720	253489859
2026-09-02T07:00:15Z	8dc0b5fea25671d6745a556bffb740d3866e189c	352c096f011eb282f12e6d4c12281340fac96b635a2879cc065d7637a6592872	wsh-wakamex	local	57bc72c1c92472ccfb05e677071bf95d82fff4df3044f34a92a629596b62cd1b	2264a8042763edf2620cfe32d96b096e1f3d26aa	5.9.2	2.55.0	1000	150	untracked	15	1.294	6.720	1	1	0	1	1788332461.466002	1788332461.628237	253490585	253490800
2026-09-02T07:00:15Z	8dc0b5fea25671d6745a556bffb740d3866e189c	352c096f011eb282f12e6d4c12281340fac96b635a2879cc065d7637a6592872	wsh-wakamex	local	57bc72c1c92472ccfb05e677071bf95d82fff4df3044f34a92a629596b62cd1b	2264a8042763edf2620cfe32d96b096e1f3d26aa	5.9.2	2.55.0	1000	150	untracked	16	1.345	7.258	1	1	0	1	1788332461.960830	1788332462.123420	253491527	253491928
2026-09-02T07:00:15Z	8dc0b5fea25671d6745a556bffb740d3866e189c	352c096f011eb282f12e6d4c12281340fac96b635a2879cc065d7637a6592872	wsh-wakamex	local	57bc72c1c92472ccfb05e677071bf95d82fff4df3044f34a92a629596b62cd1b	2264a8042763edf2620cfe32d96b096e1f3d26aa	5.9.2	2.55.0	1000	150	untracked	17	0.975	6.857	1	1	0	1	1788332462.455563	1788332462.618107	253492524	253492978
2026-09-02T07:00:15Z	8dc0b5fea25671d6745a556bffb740d3866e189c	352c096f011eb282f12e6d4c12281340fac96b635a2879cc065d7637a6592872	wsh-wakamex	local	57bc72c1c92472ccfb05e677071bf95d82fff4df3044f34a92a629596b62cd1b	2264a8042763edf2620cfe32d96b096e1f3d26aa	5.9.2	2.55.0	1000	150	untracked	18	0.996	6.910	1	1	0	1	1788332462.952173	1788332463.114524	253493625	253493791
2026-09-02T07:00:15Z	8dc0b5fea25671d6745a556bffb740d3866e189c	352c096f011eb282f12e6d4c12281340fac96b635a2879cc065d7637a6592872	wsh-wakamex	local	57bc72c1c92472ccfb05e677071bf95d82fff4df3044f34a92a629596b62cd1b	2264a8042763edf2620cfe32d96b096e1f3d26aa	5.9.2	2.55.0	1000	150	untracked	19	0.994	6.826	1	1	0	1	1788332463.445481	1788332463.607738	253494108	253494261
2026-09-02T07:00:15Z	8dc0b5fea25671d6745a556bffb740d3866e189c	352c096f011eb282f12e6d4c12281340fac96b635a2879cc065d7637a6592872	wsh-wakamex	local	57bc72c1c92472ccfb05e677071bf95d82fff4df3044f34a92a629596b62cd1b	2264a8042763edf2620cfe32d96b096e1f3d26aa	5.9.2	2.55.0	1000	150	untracked	20	1.014	7.054	1	1	0	1	1788332463.939683	1788332464.101798	253494592	253494781
